order_item_id,order_id,product_id,quantity,price
OI100001,O10001,P1008,2,911.77
OI100002,O10001,P1011,2,1017.76
OI100003,O10001,P1029,3,649.08
OI100004,O10002,P1023,1,670.55
OI100005,O10002,P1023,1,670.55
OI100006,O10002,P1003,2,1071.15
OI100007,O10002,P1014,2,1063.11
OI100008,O10003,P1013,3,99.17
OI100009,O10003,P1023,1,670.55
OI100010,O10003,P1028,3,321.53
OI100011,O10003,P1013,2,99.17
OI100012,O10004,P1018,3,199.37
OI100013,O10004,P1024,3,278.71
OI100014,O10004,P1026,3,381.04
OI100015,O10004,P1029,1,649.08
OI100016,O10005,P1001,2,34.89
OI100017,O10005,P1011,3,1017.76
OI100018,O10005,P1022,2,327.59
OI100019,O10005,P1024,1,278.71
OI100020,O10006,P1019,3,324.04
OI100021,O10006,P1022,1,327.59
OI100022,O10006,P1003,3,1071.15
OI100023,O10006,P1014,1,1063.11
OI100024,O10007,P1011,1,1017.76
OI100025,O10007,P1015,2,846.96
OI100026,O10007,P1011,2,1017.76
OI100027,O10007,P1009,2,411.6
OI100028,O10008,P1012,1,877.03
OI100029,O10009,P1007,1,268.43
OI100030,O10009,P1020,1,90.33
OI100031,O10010,P1019,1,324.04
OI100032,O10011,P1020,3,90.33
OI100033,O10011,P1024,3,278.71
OI100034,O10012,P1019,1,324.04
OI100035,O10013,P1003,3,1071.15
OI100036,O10013,P1023,3,670.55
OI100037,O10014,P1026,3,381.04
OI100038,O10015,P1003,3,1071.15
OI100039,O10015,P1021,2,876.31
OI100040,O10015,P1001,2,34.89
OI100041,O10016,P1023,1,670.55
OI100042,O10016,P1014,1,1063.11
OI100043,O10016,P1024,3,278.71
OI100044,O10016,P1021,2,876.31
OI100045,O10017,P1011,1,1017.76
OI100046,O10017,P1027,1,1062.2
OI100047,O10017,P1009,2,411.6
OI100048,O10018,P1011,1,1017.76
OI100049,O10018,P1016,2,928.82
OI100050,O10018,P1006,2,860.64
OI100051,O10018,P1007,2,268.43
OI100052,O10019,P1018,1,199.37
OI100053,O10019,P1017,1,459.25
OI100054,O10019,P1003,1,1071.15
OI100055,O10020,P1021,3,876.31
OI100056,O10020,P1016,2,928.82
OI100057,O10020,P1026,1,381.04
OI100058,O10020,P1003,2,1071.15
OI100059,O10021,P1016,3,928.82
OI100060,O10021,P1017,2,459.25
OI100061,O10021,P1014,3,1063.11
OI100062,O10022,P1009,1,411.6
OI100063,O10022,P1004,3,42.98
OI100064,O10022,P1007,2,268.43
OI100065,O10023,P1007,1,268.43
OI100066,O10023,P1024,2,278.71
OI100067,O10024,P1004,1,42.98
OI100068,O10024,P1010,1,127.14
OI100069,O10024,P1012,1,877.03
OI100070,O10025,P1002,1,171.75
OI100071,O10025,P1018,2,199.37
OI100072,O10025,P1023,1,670.55
OI100073,O10026,P1016,2,928.82
OI100074,O10026,P1015,2,846.96
OI100075,O10026,P1006,1,860.64
OI100076,O10027,P1016,1,928.82
OI100077,O10027,P1019,3,324.04
OI100078,O10027,P1022,1,327.59
OI100079,O10027,P1005,1,-49.99
OI100080,O10028,P1020,3,90.33
OI100081,O10028,P1026,3,381.04
OI100082,O10028,P1008,3,911.77
OI100083,O10028,P1013,2,99.17
OI100084,O10029,P1019,3,324.04
OI100085,O10029,P1002,3,171.75
OI100086,O10029,P1024,1,278.71
OI100087,O10030,P1006,1,860.64
OI100088,O10031,P1014,2,1063.11
OI100089,O10032,P1023,2,670.55
OI100090,O10032,P1023,2,670.55
OI100091,O10032,P1003,3,1071.15
OI100092,O10033,P1014,1,1063.11
OI100093,O10033,P1018,1,199.37
OI100094,O10034,P1006,2,860.64
OI100095,O10035,P1023,2,670.55
OI100096,O10035,P1009,3,411.6
OI100097,O10035,P1018,2,199.37
OI100098,O10036,P1020,2,90.33
OI100099,O10036,P1001,1,34.89
OI100100,O10036,P1008,3,911.77
OI100101,O10037,P1025,1,324.95
OI100102,O10038,P1019,2,324.04
OI100103,O10038,P1021,2,876.31
OI100104,O10039,P1011,3,1017.76
OI100105,O10039,P1004,1,42.98
OI100106,O10039,P1011,2,1017.76
OI100107,O10040,P1015,1,846.96
OI100108,O10041,P1028,3,321.53
OI100109,O10041,P1027,1,1062.2
OI100110,O10041,P1022,3,327.59
OI100111,O10041,P1015,2,846.96
OI100112,O10042,P1021,2,876.31
OI100113,O10042,P1025,1,324.95
OI100114,O10042,P1007,2,268.43
OI100115,O10042,P1018,1,199.37
OI100116,O10043,P1021,3,876.31
OI100117,O10044,P1018,2,199.37
OI100118,O10045,P1021,1,876.31
OI100119,O10046,P1014,2,1063.11
OI100120,O10046,P1016,1,928.82
OI100121,O10046,P1015,3,846.96
OI100122,O10047,P1028,1,321.53
OI100123,O10047,P1009,2,411.6
OI100124,O10048,P1010,3,127.14
OI100125,O10049,P1028,1,321.53
OI100126,O10049,P1015,3,846.96
OI100127,O10049,P1016,2,928.82
OI100128,O10049,P1011,3,1017.76
OI100129,O10050,P1019,2,324.04
OI100130,O10050,P1008,2,911.77
OI100131,O10051,P1013,3,99.17
OI100132,O10051,P1026,3,381.04
OI100133,O10051,P1005,2,-49.99
OI100134,O10051,P1002,1,171.75
OI100135,O10052,P1001,3,34.89
OI100136,O10052,P1005,2,-49.99
OI100137,O10052,P1028,3,321.53
OI100138,O10052,P1005,1,-49.99
OI100139,O10053,P1021,1,876.31
OI100140,O10053,P1028,2,321.53
OI100141,O10053,P1028,3,321.53
OI100142,O10053,P1028,3,321.53
OI100143,O10054,P1020,1,90.33
OI100144,O10055,P1014,1,1063.11
OI100145,O10056,P1029,1,649.08
OI100146,O10056,P1002,2,171.75
OI100147,O10056,P1026,1,381.04
OI100148,O10057,P1008,3,911.77
OI100149,O10057,P1014,3,1063.11
OI100150,O10058,P1020,3,90.33
OI100151,O10058,P1008,2,911.77
OI100152,O10058,P1030,3,1077.9
OI100153,O10058,P1005,1,-49.99
OI100154,O10059,P1022,1,327.59
OI100155,O10059,P1029,2,649.08
OI100156,O10059,P1029,2,649.08
OI100157,O10060,P1021,2,876.31
OI100158,O10060,P1023,2,670.55
OI100159,O10060,P1015,2,846.96
OI100160,O10061,P1013,3,99.17
OI100161,O10061,P1012,3,877.03
OI100162,O10062,P1009,1,411.6
OI100163,O10062,P1019,3,324.04
OI100164,O10062,P1025,3,324.95
OI100165,O10062,P1002,3,171.75
OI100166,O10063,P1008,3,911.77
OI100167,O10063,P1007,3,268.43
OI100168,O10063,P1009,3,411.6
OI100169,O10064,P1010,2,127.14
OI100170,O10065,P1003,2,1071.15
OI100171,O10065,P1011,3,1017.76
OI100172,O10066,P1017,3,459.25
OI100173,O10066,P1030,2,1077.9
OI100174,O10066,P1027,1,1062.2
OI100175,O10067,P1026,1,381.04
OI100176,O10067,P1015,1,846.96
OI100177,O10067,P1005,1,-49.99
OI100178,O10068,P1001,2,34.89
OI100179,O10068,P1018,1,199.37
OI100180,O10068,P1015,2,846.96
OI100181,O10068,P1022,3,327.59
OI100182,O10069,P1004,3,42.98
OI100183,O10069,P1008,2,911.77
OI100184,O10069,P1001,3,34.89
OI100185,O10070,P1021,2,876.31
OI100186,O10071,P1002,1,171.75
OI100187,O10071,P1010,2,127.14
OI100188,O10072,P1013,2,99.17
OI100189,O10072,P1012,3,877.03
OI100190,O10073,P1027,2,1062.2
OI100191,O10074,P1007,2,268.43
OI100192,O10074,P1015,1,846.96
OI100193,O10074,P1028,2,321.53
OI100194,O10075,P1002,2,171.75
OI100195,O10075,P1009,1,411.6
OI100196,O10075,P1004,2,42.98
OI100197,O10076,P1002,2,171.75
OI100198,O10077,P1027,3,1062.2
OI100199,O10078,P1025,1,324.95
OI100200,O10078,P1026,3,381.04
OI100201,O10078,P1001,2,34.89
OI100202,O10079,P1004,3,42.98
OI100203,O10079,P1028,1,321.53
OI100204,O10080,P1001,1,34.89
OI100205,O10080,P1009,1,411.6
OI100206,O10080,P1005,3,-49.99
OI100207,O10081,P1016,2,928.82
OI100208,O10082,P1020,1,90.33
OI100209,O10082,P1024,3,278.71
OI100210,O10083,P1028,2,321.53
OI100211,O10083,P1014,3,1063.11
OI100212,O10083,P1004,2,42.98
OI100213,O10083,P1023,2,670.55
OI100214,O10084,P1003,1,1071.15
OI100215,O10084,P1009,3,411.6
OI100216,O10085,P1017,3,459.25
OI100217,O10085,P1014,1,1063.11
OI100218,O10085,P1026,3,381.04
OI100219,O10085,P1004,3,42.98
OI100220,O10086,P1011,2,1017.76
OI100221,O10086,P1013,2,99.17
OI100222,O10086,P1024,1,278.71
OI100223,O10086,P1011,2,1017.76
OI100224,O10087,P1022,2,327.59
OI100225,O10087,P1003,1,1071.15
OI100226,O10088,P1026,1,381.04
OI100227,O10088,P1018,1,199.37
OI100228,O10088,P1019,3,324.04
OI100229,O10089,P1028,3,321.53
OI100230,O10089,P1025,2,324.95
OI100231,O10089,P1028,3,321.53
OI100232,O10090,P1019,3,324.04
OI100233,O10091,P1012,3,877.03
OI100234,O10092,P1026,2,381.04
OI100235,O10092,P1028,3,321.53
OI100236,O10093,P1009,3,411.6
OI100237,O10093,P1025,2,324.95
OI100238,O10094,P1019,3,324.04
OI100239,O10094,P1013,1,99.17
OI100240,O10095,P1013,2,99.17
OI100241,O10095,P1015,2,846.96
OI100242,O10096,P1025,3,324.95
OI100243,O10096,P1020,1,90.33
OI100244,O10096,P1029,1,649.08
OI100245,O10097,P1009,2,411.6
OI100246,O10098,P1007,3,268.43
OI100247,O10098,P1004,2,42.98
OI100248,O10098,P1014,1,1063.11
OI100249,O10099,P1002,1,171.75
OI100250,O10099,P1013,3,99.17
OI100251,O10099,P1002,1,171.75
OI100252,O10100,P1010,2,127.14
OI100253,O10100,P1004,1,42.98
OI100254,O10100,P1016,3,928.82
OI100255,O10101,P1017,3,459.25
OI100256,O10101,P1027,3,1062.2
OI100257,O10102,P1014,1,1063.11
OI100258,O10103,P1019,2,324.04
OI100259,O10103,P1023,3,670.55
OI100260,O10103,P1014,2,1063.11
OI100261,O10103,P1004,2,42.98
OI100262,O10104,P1027,3,1062.2
OI100263,O10104,P1030,2,1077.9
OI100264,O10104,P1003,2,1071.15
OI100265,O10104,P1028,1,321.53
OI100266,O10105,P1013,2,99.17
OI100267,O10106,P1017,3,459.25
OI100268,O10107,P1012,3,877.03
OI100269,O10107,P1027,3,1062.2
OI100270,O10107,P1027,1,1062.2
OI100271,O10108,P1006,3,860.64
OI100272,O10108,P1005,3,-49.99
OI100273,O10109,P1022,3,327.59
OI100274,O10109,P1021,3,876.31
OI100275,O10109,P1020,2,90.33
OI100276,O10109,P1028,3,321.53
OI100277,O10110,P1015,3,846.96
OI100278,O10110,P1010,2,127.14
OI100279,O10110,P1019,1,324.04
OI100280,O10110,P1012,3,877.03
OI100281,O10111,P1002,2,171.75
OI100282,O10112,P1015,3,846.96
OI100283,O10112,P1018,3,199.37
OI100284,O10112,P1029,1,649.08
OI100285,O10112,P1015,3,846.96
OI100286,O10113,P1002,2,171.75
OI100287,O10113,P1004,2,42.98
OI100288,O10114,P1023,2,670.55
OI100289,O10114,P1015,3,846.96
OI100290,O10115,P1014,2,1063.11
OI100291,O10115,P1022,3,327.59
OI100292,O10115,P1002,3,171.75
OI100293,O10115,P1021,2,876.31
OI100294,O10116,P1010,2,127.14
OI100295,O10116,P1024,3,278.71
OI100296,O10116,P1030,3,1077.9
OI100297,O10116,P1028,1,321.53
OI100298,O10117,P1030,2,1077.9
OI100299,O10117,P1010,3,127.14
OI100300,O10118,P1021,2,876.31
OI100301,O10118,P1027,1,1062.2
OI100302,O10118,P1022,3,327.59
OI100303,O10118,P1027,3,1062.2
OI100304,O10119,P1001,2,34.89
OI100305,O10119,P1010,1,127.14
OI100306,O10119,P1007,2,268.43
OI100307,O10120,P1003,2,1071.15
OI100308,O10120,P1028,1,321.53
OI100309,O10121,P1020,2,90.33
OI100310,O10121,P1005,1,-49.99
OI100311,O10122,P1002,2,171.75
OI100312,O10122,P1012,3,877.03
OI100313,O10122,P1024,1,278.71
OI100314,O10122,P1015,3,846.96
OI100315,O10123,P1010,2,127.14
OI100316,O10123,P1029,1,649.08
OI100317,O10124,P1025,2,324.95
OI100318,O10124,P1025,2,324.95
OI100319,O10124,P1017,3,459.25
OI100320,O10124,P1014,1,1063.11
OI100321,O10125,P1021,2,876.31
OI100322,O10126,P1010,1,127.14
OI100323,O10127,P1027,2,1062.2
OI100324,O10127,P1003,1,1071.15
OI100325,O10128,P1013,3,99.17
OI100326,O10129,P1008,1,911.77
OI100327,O10129,P1011,1,1017.76
OI100328,O10129,P1027,3,1062.2
OI100329,O10130,P1010,2,127.14
OI100330,O10131,P1029,1,649.08
OI100331,O10132,P1004,2,42.98
OI100332,O10132,P1008,2,911.77
OI100333,O10132,P1004,1,42.98
OI100334,O10132,P1008,2,911.77
OI100335,O10133,P1021,3,876.31
OI100336,O10134,P1001,3,34.89
OI100337,O10134,P1012,1,877.03
OI100338,O10134,P1019,2,324.04
OI100339,O10134,P1006,3,860.64
OI100340,O10135,P1013,2,99.17
OI100341,O10136,P1024,1,278.71
OI100342,O10136,P1012,1,877.03
OI100343,O10136,P1012,1,877.03
OI100344,O10137,P1005,1,-49.99
OI100345,O10137,P1012,3,877.03
OI100346,O10137,P1011,3,1017.76
OI100347,O10138,P1021,1,876.31
OI100348,O10138,P1026,1,381.04
OI100349,O10138,P1003,3,1071.15
OI100350,O10138,P1025,2,324.95
OI100351,O10139,P1029,1,649.08
OI100352,O10139,P1011,2,1017.76
OI100353,O10140,P1025,3,324.95
OI100354,O10141,P1009,1,411.6
OI100355,O10141,P1026,2,381.04
OI100356,O10141,P1014,2,1063.11
OI100357,O10142,P1023,2,670.55
OI100358,O10142,P1012,3,877.03
OI100359,O10142,P1009,1,411.6
OI100360,O10142,P1024,2,278.71
OI100361,O10143,P1011,1,1017.76
OI100362,O10143,P1003,2,1071.15
OI100363,O10143,P1022,2,327.59
OI100364,O10144,P1012,2,877.03
OI100365,O10144,P1002,3,171.75
OI100366,O10144,P1028,2,321.53
OI100367,O10144,P1020,2,90.33
OI100368,O10145,P1012,3,877.03
OI100369,O10145,P1026,3,381.04
OI100370,O10145,P1022,1,327.59
OI100371,O10145,P1001,1,34.89
OI100372,O10146,P1025,3,324.95
OI100373,O10146,P1012,2,877.03
OI100374,O10147,P1022,2,327.59
OI100375,O10147,P1012,2,877.03
OI100376,O10148,P1017,2,459.25
OI100377,O10148,P1013,2,99.17
OI100378,O10149,P1016,3,928.82
OI100379,O10149,P1013,3,99.17
OI100380,O10150,P1007,3,268.43
OI100381,O10150,P1010,3,127.14
OI100382,O10150,P1030,2,1077.9
OI100383,O10150,P1007,1,268.43
OI100384,O10151,P1003,3,1071.15
OI100385,O10151,P1028,2,321.53
OI100386,O10151,P1022,2,327.59
OI100387,O10151,P1023,1,670.55
OI100388,O10152,P1026,2,381.04
OI100389,O10152,P1017,1,459.25
OI100390,O10153,P1001,2,34.89
OI100391,O10153,P1018,3,199.37
OI100392,O10153,P1012,2,877.03
OI100393,O10153,P1026,3,381.04
OI100394,O10154,P1013,3,99.17
OI100395,O10154,P1024,2,278.71
OI100396,O10154,P1017,2,459.25
OI100397,O10155,P1021,1,876.31
OI100398,O10155,P1015,2,846.96
OI100399,O10155,P1022,3,327.59
OI100400,O10156,P1025,1,324.95
OI100401,O10156,P1014,3,1063.11
OI100402,O10157,P1006,1,860.64
OI100403,O10157,P1011,3,1017.76
OI100404,O10157,P1008,2,911.77
OI100405,O10158,P1005,3,-49.99
OI100406,O10158,P1010,3,127.14
OI100407,O10158,P1018,1,199.37
OI100408,O10159,P1022,3,327.59
OI100409,O10159,P1024,3,278.71
OI100410,O10160,P1002,3,171.75
OI100411,O10161,P1020,3,90.33
OI100412,O10161,P1001,2,34.89
OI100413,O10161,P1029,3,649.08
OI100414,O10161,P1018,2,199.37
OI100415,O10162,P1010,2,127.14
OI100416,O10162,P1003,3,1071.15
OI100417,O10162,P1002,1,171.75
OI100418,O10162,P1015,2,846.96
OI100419,O10163,P1011,3,1017.76
OI100420,O10163,P1011,3,1017.76
OI100421,O10164,P1011,1,1017.76
OI100422,O10165,P1005,1,-49.99
OI100423,O10165,P1002,2,171.75
OI100424,O10166,P1027,2,1062.2
OI100425,O10166,P1030,3,1077.9
OI100426,O10167,P1016,2,928.82
OI100427,O10167,P1016,1,928.82
OI100428,O10167,P1003,2,1071.15
OI100429,O10167,P1017,2,459.25
OI100430,O10168,P1002,2,171.75
OI100431,O10169,P1028,1,321.53
OI100432,O10170,P1025,2,324.95
OI100433,O10170,P1012,1,877.03
OI100434,O10170,P1013,1,99.17
OI100435,O10171,P1013,3,99.17
OI100436,O10172,P1005,1,-49.99
OI100437,O10173,P1025,1,324.95
OI100438,O10173,P1007,3,268.43
OI100439,O10173,P1017,2,459.25
OI100440,O10174,P1026,2,381.04
OI100441,O10174,P1017,2,459.25
OI100442,O10174,P1005,3,-49.99
OI100443,O10175,P1020,3,90.33
OI100444,O10175,P1027,2,1062.2
OI100445,O10175,P1019,2,324.04
OI100446,O10175,P1017,3,459.25
OI100447,O10176,P1027,1,1062.2
OI100448,O10176,P1012,2,877.03
OI100449,O10176,P1022,1,327.59
OI100450,O10176,P1014,3,1063.11
OI100451,O10177,P1009,3,411.6
OI100452,O10177,P1026,3,381.04
OI100453,O10177,P1019,1,324.04
OI100454,O10177,P1024,1,278.71
OI100455,O10178,P1005,3,-49.99
OI100456,O10178,P1008,1,911.77
OI100457,O10178,P1019,3,324.04
OI100458,O10178,P1004,1,42.98
OI100459,O10179,P1014,3,1063.11
OI100460,O10179,P1007,2,268.43
OI100461,O10180,P1017,1,459.25
OI100462,O10180,P1018,2,199.37
OI100463,O10181,P1015,3,846.96
OI100464,O10181,P1011,3,1017.76
OI100465,O10182,P1007,1,268.43
OI100466,O10182,P1009,3,411.6
OI100467,O10182,P1010,1,127.14
OI100468,O10182,P1010,2,127.14
OI100469,O10183,P1012,3,877.03
OI100470,O10183,P1030,3,1077.9
OI100471,O10183,P1009,2,411.6
OI100472,O10183,P1004,3,42.98
OI100473,O10184,P1002,2,171.75
OI100474,O10184,P1023,1,670.55
OI100475,O10184,P1012,2,877.03
OI100476,O10185,P1027,3,1062.2
OI100477,O10185,P1009,3,411.6
OI100478,O10186,P1008,1,911.77
OI100479,O10186,P1022,3,327.59
OI100480,O10187,P1014,2,1063.11
OI100481,O10188,P1014,3,1063.11
OI100482,O10188,P1030,2,1077.9
OI100483,O10189,P1010,3,127.14
OI100484,O10189,P1002,1,171.75
OI100485,O10189,P1021,3,876.31
OI100486,O10190,P1029,1,649.08
OI100487,O10190,P1030,1,1077.9
OI100488,O10190,P1027,2,1062.2
OI100489,O10190,P1026,2,381.04
OI100490,O10191,P1010,3,127.14
OI100491,O10192,P1029,1,649.08
OI100492,O10192,P1028,3,321.53
OI100493,O10192,P1015,2,846.96
OI100494,O10192,P1007,1,268.43
OI100495,O10193,P1023,1,670.55
OI100496,O10193,P1001,3,34.89
OI100497,O10193,P1011,2,1017.76
OI100498,O10194,P1003,2,1071.15
OI100499,O10194,P1022,1,327.59
OI100500,O10194,P1006,1,860.64
OI100501,O10195,P1013,1,99.17
OI100502,O10195,P1015,2,846.96
OI100503,O10195,P1011,2,1017.76
OI100504,O10196,P1002,3,171.75
OI100505,O10196,P1004,2,42.98
OI100506,O10197,P1023,1,670.55
OI100507,O10197,P1021,2,876.31
OI100508,O10197,P1012,3,877.03
OI100509,O10198,P1015,3,846.96
OI100510,O10198,P1020,2,90.33
OI100511,O10199,P1025,1,324.95
OI100512,O10199,P1022,3,327.59
OI100513,O10200,P1003,3,1071.15
OI100514,O10200,P1004,1,42.98
OI100515,O10200,P1027,3,1062.2
OI100516,O10201,P1011,3,1017.76
OI100517,O10201,P1015,1,846.96
OI100518,O10202,P1029,3,649.08
OI100519,O10203,P1015,3,846.96
OI100520,O10203,P1002,3,171.75
OI100521,O10203,P1015,3,846.96
OI100522,O10203,P1026,2,381.04
OI100523,O10204,P1019,1,324.04
OI100524,O10204,P1002,2,171.75
OI100525,O10205,P1030,1,1077.9
OI100526,O10206,P1025,1,324.95
OI100527,O10206,P1025,3,324.95
OI100528,O10207,P1013,1,99.17
OI100529,O10207,P1022,3,327.59
OI100530,O10207,P1028,3,321.53
OI100531,O10207,P1005,3,-49.99
OI100532,O10208,P1017,1,459.25
OI100533,O10208,P1024,1,278.71
OI100534,O10208,P1027,1,1062.2
OI100535,O10208,P1025,1,324.95
OI100536,O10209,P1027,1,1062.2
OI100537,O10209,P1008,2,911.77
OI100538,O10209,P1012,1,877.03
OI100539,O10209,P1009,1,411.6
OI100540,O10210,P1008,1,911.77
OI100541,O10211,P1008,3,911.77
OI100542,O10212,P1025,1,324.95
OI100543,O10212,P1005,3,-49.99
OI100544,O10213,P1008,2,911.77
OI100545,O10213,P1029,1,649.08
OI100546,O10213,P1022,3,327.59
OI100547,O10214,P1018,3,199.37
OI100548,O10215,P1002,2,171.75
OI100549,O10215,P1021,3,876.31
OI100550,O10215,P1013,3,99.17
OI100551,O10215,P1011,3,1017.76
OI100552,O10216,P1006,3,860.64
OI100553,O10216,P1016,1,928.82
OI100554,O10216,P1028,1,321.53
OI100555,O10216,P1010,3,127.14
OI100556,O10217,P1014,3,1063.11
OI100557,O10217,P1017,1,459.25
OI100558,O10217,P1013,1,99.17
OI100559,O10217,P1009,1,411.6
OI100560,O10218,P1003,3,1071.15
OI100561,O10218,P1024,1,278.71
OI100562,O10218,P1002,2,171.75
OI100563,O10219,P1026,3,381.04
OI100564,O10219,P1024,3,278.71
OI100565,O10220,P1030,1,1077.9
OI100566,O10220,P1007,1,268.43
OI100567,O10220,P1024,1,278.71
OI100568,O10221,P1018,2,199.37
OI100569,O10221,P1025,2,324.95
OI100570,O10222,P1010,2,127.14
OI100571,O10222,P1012,3,877.03
OI100572,O10222,P1029,2,649.08
OI100573,O10223,P1012,2,877.03
OI100574,O10223,P1014,1,1063.11
OI100575,O10224,P1018,3,199.37
OI100576,O10224,P1019,3,324.04
OI100577,O10224,P1014,2,1063.11
OI100578,O10225,P1019,1,324.04
OI100579,O10225,P1016,3,928.82
OI100580,O10225,P1021,3,876.31
OI100581,O10225,P1011,2,1017.76
OI100582,O10226,P1024,2,278.71
OI100583,O10226,P1006,1,860.64
OI100584,O10227,P1017,1,459.25
OI100585,O10228,P1005,3,-49.99
OI100586,O10228,P1008,1,911.77
OI100587,O10228,P1023,1,670.55
OI100588,O10228,P1001,1,34.89
OI100589,O10229,P1022,2,327.59
OI100590,O10229,P1001,1,34.89
OI100591,O10229,P1018,3,199.37
OI100592,O10229,P1014,1,1063.11
OI100593,O10230,P1001,3,34.89
OI100594,O10230,P1027,3,1062.2
OI100595,O10230,P1022,2,327.59
OI100596,O10231,P1008,1,911.77
OI100597,O10231,P1020,3,90.33
OI100598,O10232,P1012,2,877.03
OI100599,O10233,P1010,3,127.14
OI100600,O10233,P1027,1,1062.2
OI100601,O10234,P1018,2,199.37
OI100602,O10234,P1002,3,171.75
OI100603,O10234,P1001,3,34.89
OI100604,O10234,P1006,1,860.64
OI100605,O10235,P1029,3,649.08
OI100606,O10236,P1009,1,411.6
OI100607,O10236,P1030,1,1077.9
OI100608,O10236,P1022,2,327.59
OI100609,O10236,P1029,3,649.08
OI100610,O10237,P1019,1,324.04
OI100611,O10237,P1025,3,324.95
OI100612,O10238,P1019,2,324.04
OI100613,O10238,P1022,3,327.59
OI100614,O10239,P1017,3,459.25
OI100615,O10240,P1027,1,1062.2
OI100616,O10240,P1011,3,1017.76
OI100617,O10241,P1026,2,381.04
OI100618,O10241,P1016,1,928.82
OI100619,O10241,P1012,3,877.03
OI100620,O10242,P1003,3,1071.15
OI100621,O10242,P1010,1,127.14
OI100622,O10242,P1023,1,670.55
OI100623,O10242,P1003,2,1071.15
OI100624,O10243,P1011,2,1017.76
OI100625,O10243,P1004,1,42.98
OI100626,O10243,P1001,2,34.89
OI100627,O10243,P1015,2,846.96
OI100628,O10244,P1014,2,1063.11
OI100629,O10244,P1018,3,199.37
OI100630,O10245,P1018,1,199.37
OI100631,O10245,P1020,3,90.33
OI100632,O10245,P1026,2,381.04
OI100633,O10246,P1025,1,324.95
OI100634,O10246,P1024,3,278.71
OI100635,O10246,P1029,1,649.08
OI100636,O10246,P1019,3,324.04
OI100637,O10247,P1009,2,411.6
OI100638,O10247,P1009,2,411.6
OI100639,O10248,P1014,2,1063.11
OI100640,O10248,P1016,1,928.82
OI100641,O10248,P1012,2,877.03
OI100642,O10249,P1015,1,846.96
OI100643,O10249,P1005,2,-49.99
OI100644,O10250,P1026,2,381.04
OI100645,O10250,P1015,2,846.96
OI100646,O10250,P1014,3,1063.11
OI100647,O10250,P1020,1,90.33
OI100648,O10251,P1006,2,860.64
OI100649,O10251,P1011,2,1017.76
OI100650,O10251,P1024,3,278.71
OI100651,O10252,P1009,2,411.6
OI100652,O10252,P1012,1,877.03
OI100653,O10252,P1030,3,1077.9
OI100654,O10252,P1007,3,268.43
OI100655,O10253,P1023,1,670.55
OI100656,O10253,P1015,2,846.96
OI100657,O10253,P1027,3,1062.2
OI100658,O10253,P1003,2,1071.15
OI100659,O10254,P1022,1,327.59
OI100660,O10254,P1023,2,670.55
OI100661,O10254,P1026,2,381.04
OI100662,O10255,P1018,3,199.37
OI100663,O10255,P1030,3,1077.9
OI100664,O10255,P1014,3,1063.11
OI100665,O10255,P1002,2,171.75
OI100666,O10256,P1006,3,860.64
OI100667,O10256,P1020,1,90.33
OI100668,O10256,P1019,3,324.04
OI100669,O10257,P1001,1,34.89
OI100670,O10258,P1015,2,846.96
OI100671,O10258,P1013,2,99.17
OI100672,O10259,P1010,2,127.14
OI100673,O10260,P1011,2,1017.76
OI100674,O10260,P1026,1,381.04
OI100675,O10260,P1017,2,459.25
OI100676,O10261,P1011,1,1017.76
OI100677,O10261,P1010,1,127.14
OI100678,O10261,P1026,3,381.04
OI100679,O10261,P1004,1,42.98
OI100680,O10262,P1030,3,1077.9
OI100681,O10262,P1008,3,911.77
OI100682,O10263,P1015,1,846.96
OI100683,O10263,P1026,2,381.04
OI100684,O10263,P1021,1,876.31
OI100685,O10263,P1006,3,860.64
OI100686,O10264,P1015,3,846.96
OI100687,O10264,P1014,2,1063.11
OI100688,O10265,P1025,3,324.95
OI100689,O10265,P1026,1,381.04
OI100690,O10265,P1019,1,324.04
OI100691,O10266,P1004,2,42.98
OI100692,O10266,P1022,2,327.59
OI100693,O10266,P1017,3,459.25
OI100694,O10266,P1011,3,1017.76
OI100695,O10267,P1012,2,877.03
OI100696,O10268,P1030,3,1077.9
OI100697,O10268,P1019,1,324.04
OI100698,O10268,P1022,1,327.59
OI100699,O10269,P1006,2,860.64
OI100700,O10270,P1019,2,324.04
OI100701,O10270,P1014,1,1063.11
OI100702,O10271,P1018,1,199.37
OI100703,O10271,P1016,2,928.82
OI100704,O10272,P1028,2,321.53
OI100705,O10273,P1018,3,199.37
OI100706,O10273,P1021,2,876.31
OI100707,O10273,P1014,3,1063.11
OI100708,O10273,P1016,2,928.82
OI100709,O10274,P1026,1,381.04
OI100710,O10275,P1006,2,860.64
OI100711,O10275,P1019,3,324.04
OI100712,O10275,P1025,2,324.95
OI100713,O10276,P1018,1,199.37
OI100714,O10276,P1025,3,324.95
OI100715,O10276,P1015,3,846.96
OI100716,O10277,P1010,1,127.14
OI100717,O10277,P1015,2,846.96
OI100718,O10278,P1007,3,268.43
OI100719,O10278,P1019,3,324.04
OI100720,O10279,P1026,1,381.04
OI100721,O10279,P1027,1,1062.2
OI100722,O10280,P1020,3,90.33
OI100723,O10280,P1006,2,860.64
OI100724,O10280,P1023,2,670.55
OI100725,O10281,P1005,2,-49.99
OI100726,O10282,P1008,1,911.77
OI100727,O10282,P1023,2,670.55
OI100728,O10283,P1019,3,324.04
OI100729,O10283,P1009,3,411.6
OI100730,O10284,P1013,3,99.17
OI100731,O10285,P1011,3,1017.76
OI100732,O10285,P1001,3,34.89
OI100733,O10285,P1003,3,1071.15
OI100734,O10285,P1015,3,846.96
OI100735,O10286,P1014,1,1063.11
OI100736,O10286,P1016,2,928.82
OI100737,O10287,P1019,2,324.04
OI100738,O10287,P1026,2,381.04
OI100739,O10288,P1001,1,34.89
OI100740,O10288,P1030,1,1077.9
OI100741,O10288,P1015,2,846.96
OI100742,O10288,P1001,2,34.89
OI100743,O10289,P1006,2,860.64
OI100744,O10289,P1003,3,1071.15
OI100745,O10289,P1012,2,877.03
OI100746,O10290,P1021,2,876.31
OI100747,O10290,P1024,3,278.71
OI100748,O10290,P1025,1,324.95
OI100749,O10290,P1014,3,1063.11
OI100750,O10291,P1016,1,928.82
OI100751,O10291,P1005,3,-49.99
OI100752,O10292,P1023,2,670.55
OI100753,O10293,P1008,2,911.77
OI100754,O10294,P1012,2,877.03
OI100755,O10294,P1005,2,-49.99
OI100756,O10294,P1025,1,324.95
OI100757,O10295,P1020,3,90.33
OI100758,O10296,P1021,3,876.31
OI100759,O10296,P1005,2,-49.99
OI100760,O10297,P1025,1,324.95
OI100761,O10297,P1019,3,324.04
OI100762,O10298,P1008,2,911.77
OI100763,O10298,P1021,1,876.31
OI100764,O10299,P1028,3,321.53
OI100765,O10300,P1024,2,278.71
OI100766,O10300,P1010,3,127.14
OI100767,O10301,P1004,1,42.98
OI100768,O10301,P1016,3,928.82
OI100769,O10301,P1020,1,90.33
OI100770,O10301,P1017,1,459.25
OI100771,O10302,P1012,3,877.03
OI100772,O10302,P1022,1,327.59
OI100773,O10302,P1025,2,324.95
OI100774,O10302,P1025,1,324.95
OI100775,O10303,P1007,1,268.43
OI100776,O10303,P1030,1,1077.9
OI100777,O10303,P1026,2,381.04
OI100778,O10304,P1023,2,670.55
OI100779,O10304,P1003,3,1071.15
OI100780,O10304,P1018,3,199.37
OI100781,O10304,P1020,1,90.33
OI100782,O10305,P1026,1,381.04
OI100783,O10305,P1018,2,199.37
OI100784,O10306,P1024,1,278.71
OI100785,O10306,P1002,1,171.75
OI100786,O10306,P1003,2,1071.15
OI100787,O10306,P1004,2,42.98
OI100788,O10307,P1023,1,670.55
OI100789,O10308,P1006,2,860.64
OI100790,O10308,P1005,3,-49.99
OI100791,O10308,P1025,2,324.95
OI100792,O10309,P1009,3,411.6
OI100793,O10309,P1003,2,1071.15
OI100794,O10309,P1023,3,670.55
OI100795,O10309,P1021,1,876.31
OI100796,O10310,P1016,3,928.82
OI100797,O10311,P1029,3,649.08
OI100798,O10312,P1028,1,321.53
OI100799,O10313,P1030,1,1077.9
OI100800,O10313,P1006,1,860.64
OI100801,O10313,P1018,3,199.37
OI100802,O10313,P1024,3,278.71
OI100803,O10314,P1030,3,1077.9
OI100804,O10314,P1011,2,1017.76
OI100805,O10314,P1027,1,1062.2
OI100806,O10314,P1019,2,324.04
OI100807,O10315,P1026,3,381.04
OI100808,O10315,P1002,2,171.75
OI100809,O10316,P1003,3,1071.15
OI100810,O10316,P1015,1,846.96
OI100811,O10316,P1012,1,877.03
OI100812,O10317,P1015,2,846.96
OI100813,O10317,P1019,2,324.04
OI100814,O10318,P1001,2,34.89
OI100815,O10318,P1001,1,34.89
OI100816,O10319,P1025,3,324.95
OI100817,O10320,P1017,1,459.25
OI100818,O10320,P1014,2,1063.11
OI100819,O10321,P1030,1,1077.9
OI100820,O10322,P1019,1,324.04
OI100821,O10323,P1014,3,1063.11
OI100822,O10324,P1030,2,1077.9
OI100823,O10324,P1023,3,670.55
OI100824,O10324,P1011,2,1017.76
OI100825,O10325,P1005,3,-49.99
OI100826,O10325,P1004,1,42.98
OI100827,O10326,P1014,1,1063.11
OI100828,O10326,P1018,2,199.37
OI100829,O10326,P1025,1,324.95
OI100830,O10327,P1003,1,1071.15
OI100831,O10328,P1005,1,-49.99
OI100832,O10328,P1023,1,670.55
OI100833,O10328,P1012,2,877.03
OI100834,O10329,P1001,2,34.89
OI100835,O10329,P1028,2,321.53
OI100836,O10330,P1004,1,42.98
OI100837,O10330,P1002,1,171.75
OI100838,O10331,P1019,3,324.04
OI100839,O10332,P1029,3,649.08
OI100840,O10332,P1015,1,846.96
OI100841,O10333,P1002,1,171.75
OI100842,O10333,P1030,3,1077.9
OI100843,O10333,P1014,3,1063.11
OI100844,O10333,P1013,2,99.17
OI100845,O10334,P1007,1,268.43
OI100846,O10334,P1009,2,411.6
OI100847,O10334,P1015,1,846.96
OI100848,O10335,P1016,2,928.82
OI100849,O10335,P1029,3,649.08
OI100850,O10335,P1016,1,928.82
OI100851,O10336,P1007,3,268.43
OI100852,O10336,P1029,3,649.08
OI100853,O10336,P1008,3,911.77
OI100854,O10336,P1026,3,381.04
OI100855,O10337,P1012,3,877.03
OI100856,O10337,P1017,2,459.25
OI100857,O10337,P1013,2,99.17
OI100858,O10337,P1006,1,860.64
OI100859,O10338,P1002,2,171.75
OI100860,O10338,P1017,2,459.25
OI100861,O10338,P1025,3,324.95
OI100862,O10339,P1009,3,411.6
OI100863,O10339,P1027,3,1062.2
OI100864,O10340,P1012,1,877.03
OI100865,O10340,P1006,1,860.64
OI100866,O10340,P1019,2,324.04
OI100867,O10340,P1026,3,381.04
OI100868,O10341,P1019,3,324.04
OI100869,O10341,P1005,3,-49.99
OI100870,O10341,P1007,2,268.43
OI100871,O10342,P1002,1,171.75
OI100872,O10343,P1011,3,1017.76
OI100873,O10344,P1030,2,1077.9
OI100874,O10344,P1002,1,171.75
OI100875,O10345,P1003,2,1071.15
OI100876,O10345,P1023,3,670.55
OI100877,O10345,P1013,3,99.17
OI100878,O10346,P1006,3,860.64
OI100879,O10346,P1014,3,1063.11
OI100880,O10347,P1008,3,911.77
OI100881,O10347,P1019,1,324.04
OI100882,O10347,P1013,2,99.17
OI100883,O10348,P1023,3,670.55
OI100884,O10349,P1020,2,90.33
OI100885,O10349,P1030,3,1077.9
OI100886,O10350,P1005,2,-49.99
OI100887,O10350,P1024,1,278.71
OI100888,O10350,P1008,2,911.77
OI100889,O10350,P1011,1,1017.76
OI100890,O10351,P1009,1,411.6
OI100891,O10352,P1026,1,381.04
OI100892,O10352,P1024,1,278.71
OI100893,O10352,P1002,2,171.75
OI100894,O10353,P1016,2,928.82
OI100895,O10353,P1012,3,877.03
OI100896,O10353,P1013,1,99.17
OI100897,O10353,P1027,2,1062.2
OI100898,O10354,P1010,1,127.14
OI100899,O10355,P1006,2,860.64
OI100900,O10355,P1006,3,860.64
OI100901,O10355,P1003,3,1071.15
OI100902,O10356,P1014,3,1063.11
OI100903,O10357,P1004,2,42.98
OI100904,O10358,P1022,2,327.59
OI100905,O10358,P1010,1,127.14
OI100906,O10358,P1004,1,42.98
OI100907,O10359,P1002,2,171.75
OI100908,O10359,P1001,2,34.89
OI100909,O10360,P1001,1,34.89
OI100910,O10361,P1028,1,321.53
OI100911,O10361,P1010,2,127.14
OI100912,O10361,P1016,2,928.82
OI100913,O10361,P1029,3,649.08
OI100914,O10362,P1012,2,877.03
OI100915,O10362,P1012,1,877.03
OI100916,O10363,P1009,1,411.6
OI100917,O10363,P1027,2,1062.2
OI100918,O10363,P1019,1,324.04
OI100919,O10363,P1005,3,-49.99
OI100920,O10364,P1025,3,324.95
OI100921,O10364,P1008,3,911.77
OI100922,O10364,P1002,2,171.75
OI100923,O10364,P1027,3,1062.2
OI100924,O10365,P1016,2,928.82
OI100925,O10365,P1003,2,1071.15
OI100926,O10366,P1004,2,42.98
OI100927,O10366,P1006,1,860.64
OI100928,O10367,P1003,3,1071.15
OI100929,O10367,P1014,1,1063.11
OI100930,O10367,P1027,3,1062.2
OI100931,O10367,P1005,3,-49.99
OI100932,O10368,P1018,2,199.37
OI100933,O10368,P1018,2,199.37
OI100934,O10368,P1028,2,321.53
OI100935,O10368,P1017,2,459.25
OI100936,O10369,P1004,2,42.98
OI100937,O10369,P1005,1,-49.99
OI100938,O10369,P1019,3,324.04
OI100939,O10369,P1019,1,324.04
OI100940,O10370,P1029,2,649.08
OI100941,O10370,P1009,2,411.6
OI100942,O10370,P1021,2,876.31
OI100943,O10371,P1005,3,-49.99
OI100944,O10371,P1020,3,90.33
OI100945,O10371,P1023,2,670.55
OI100946,O10371,P1002,2,171.75
OI100947,O10372,P1030,2,1077.9
OI100948,O10372,P1029,2,649.08
OI100949,O10372,P1001,2,34.89
OI100950,O10372,P1027,2,1062.2
OI100951,O10373,P1028,1,321.53
OI100952,O10374,P1024,2,278.71
OI100953,O10374,P1020,3,90.33
OI100954,O10374,P1003,1,1071.15
OI100955,O10375,P1025,3,324.95
OI100956,O10375,P1028,2,321.53
OI100957,O10375,P1027,1,1062.2
OI100958,O10375,P1017,1,459.25
OI100959,O10376,P1025,3,324.95
OI100960,O10376,P1029,3,649.08
OI100961,O10377,P1008,1,911.77
OI100962,O10378,P1009,2,411.6
OI100963,O10378,P1027,2,1062.2
OI100964,O10379,P1008,2,911.77
OI100965,O10380,P1019,3,324.04
OI100966,O10380,P1012,2,877.03
OI100967,O10380,P1006,2,860.64
OI100968,O10380,P1024,3,278.71
OI100969,O10381,P1006,3,860.64
OI100970,O10382,P1009,3,411.6
OI100971,O10382,P1014,3,1063.11
OI100972,O10383,P1021,1,876.31
OI100973,O10383,P1020,1,90.33
OI100974,O10384,P1014,2,1063.11
OI100975,O10384,P1028,2,321.53
OI100976,O10384,P1015,2,846.96
OI100977,O10385,P1019,1,324.04
OI100978,O10385,P1001,3,34.89
OI100979,O10385,P1022,2,327.59
OI100980,O10385,P1018,3,199.37
OI100981,O10386,P1011,2,1017.76
OI100982,O10387,P1007,1,268.43
OI100983,O10387,P1017,1,459.25
OI100984,O10387,P1029,1,649.08
OI100985,O10388,P1024,1,278.71
OI100986,O10388,P1021,2,876.31
OI100987,O10389,P1024,1,278.71
OI100988,O10389,P1019,3,324.04
OI100989,O10389,P1019,1,324.04
OI100990,O10389,P1011,3,1017.76
OI100991,O10390,P1030,3,1077.9
OI100992,O10390,P1012,3,877.03
OI100993,O10390,P1010,1,127.14
OI100994,O10390,P1027,3,1062.2
OI100995,O10391,P1024,2,278.71
OI100996,O10391,P1024,3,278.71
OI100997,O10392,P1008,2,911.77
OI100998,O10393,P1012,2,877.03
OI100999,O10393,P1019,2,324.04
OI101000,O10393,P1015,1,846.96
OI101001,O10394,P1016,1,928.82
OI101002,O10395,P1014,1,1063.11
OI101003,O10395,P1028,1,321.53
OI101004,O10395,P1005,1,-49.99
OI101005,O10396,P1011,3,1017.76
OI101006,O10396,P1006,1,860.64
OI101007,O10397,P1001,2,34.89
OI101008,O10398,P1016,1,928.82
OI101009,O10398,P1005,3,-49.99
OI101010,O10399,P1016,2,928.82
OI101011,O10399,P1001,1,34.89
OI101012,O10399,P1018,1,199.37
OI101013,O10399,P1024,2,278.71
OI101014,O10400,P1022,1,327.59
OI101015,O10401,P1004,2,42.98
OI101016,O10401,P1017,3,459.25
OI101017,O10402,P1010,2,127.14
OI101018,O10402,P1024,3,278.71
OI101019,O10402,P1020,3,90.33
OI101020,O10403,P1012,1,877.03
OI101021,O10403,P1006,2,860.64
OI101022,O10403,P1001,1,34.89
OI101023,O10403,P1008,3,911.77
OI101024,O10404,P1004,2,42.98
OI101025,O10404,P1023,3,670.55
OI101026,O10405,P1020,1,90.33
OI101027,O10406,P1014,2,1063.11
OI101028,O10407,P1023,1,670.55
OI101029,O10407,P1007,3,268.43
OI101030,O10407,P1022,3,327.59
OI101031,O10407,P1001,2,34.89
OI101032,O10408,P1020,3,90.33
OI101033,O10408,P1023,1,670.55
OI101034,O10408,P1014,1,1063.11
OI101035,O10409,P1007,3,268.43
OI101036,O10409,P1007,2,268.43
OI101037,O10409,P1027,3,1062.2
OI101038,O10409,P1007,2,268.43
OI101039,O10410,P1030,1,1077.9
OI101040,O10410,P1023,2,670.55
OI101041,O10410,P1011,1,1017.76
OI101042,O10410,P1001,1,34.89
OI101043,O10411,P1005,1,-49.99
OI101044,O10411,P1025,3,324.95
OI101045,O10411,P1003,3,1071.15
OI101046,O10411,P1024,1,278.71
OI101047,O10412,P1009,2,411.6
OI101048,O10412,P1002,1,171.75
OI101049,O10412,P1027,1,1062.2
OI101050,O10413,P1014,3,1063.11
OI101051,O10413,P1004,1,42.98
OI101052,O10413,P1028,1,321.53
OI101053,O10414,P1029,2,649.08
OI101054,O10414,P1020,2,90.33
OI101055,O10414,P1029,3,649.08
OI101056,O10415,P1013,2,99.17
OI101057,O10416,P1026,2,381.04
OI101058,O10416,P1021,1,876.31
OI101059,O10416,P1004,1,42.98
OI101060,O10416,P1023,3,670.55
OI101061,O10417,P1026,3,381.04
OI101062,O10417,P1022,2,327.59
OI101063,O10417,P1006,3,860.64
OI101064,O10417,P1013,2,99.17
OI101065,O10418,P1004,2,42.98
OI101066,O10418,P1015,1,846.96
OI101067,O10418,P1003,2,1071.15
OI101068,O10418,P1021,2,876.31
OI101069,O10419,P1022,2,327.59
OI101070,O10419,P1017,3,459.25
OI101071,O10420,P1022,3,327.59
OI101072,O10420,P1021,2,876.31
OI101073,O10420,P1005,3,-49.99
OI101074,O10421,P1028,2,321.53
OI101075,O10421,P1028,1,321.53
OI101076,O10421,P1003,2,1071.15
OI101077,O10421,P1011,1,1017.76
OI101078,O10422,P1018,3,199.37
OI101079,O10422,P1013,2,99.17
OI101080,O10423,P1003,2,1071.15
OI101081,O10423,P1015,2,846.96
OI101082,O10423,P1004,2,42.98
OI101083,O10423,P1024,3,278.71
OI101084,O10424,P1018,3,199.37
OI101085,O10425,P1021,3,876.31
OI101086,O10425,P1015,2,846.96
OI101087,O10426,P1018,3,199.37
OI101088,O10426,P1020,2,90.33
OI101089,O10426,P1023,3,670.55
OI101090,O10427,P1025,3,324.95
OI101091,O10428,P1018,3,199.37
OI101092,O10428,P1012,3,877.03
OI101093,O10428,P1004,1,42.98
OI101094,O10429,P1004,2,42.98
OI101095,O10429,P1020,1,90.33
OI101096,O10429,P1007,1,268.43
OI101097,O10429,P1030,2,1077.9
OI101098,O10430,P1004,2,42.98
OI101099,O10430,P1002,3,171.75
OI101100,O10430,P1027,3,1062.2
OI101101,O10431,P1016,1,928.82
OI101102,O10431,P1017,3,459.25
OI101103,O10432,P1030,3,1077.9
OI101104,O10432,P1025,1,324.95
OI101105,O10432,P1023,3,670.55
OI101106,O10432,P1006,3,860.64
OI101107,O10433,P1017,2,459.25
OI101108,O10433,P1014,3,1063.11
OI101109,O10433,P1030,3,1077.9
OI101110,O10434,P1015,1,846.96
OI101111,O10434,P1005,2,-49.99
OI101112,O10434,P1020,3,90.33
OI101113,O10435,P1007,1,268.43
OI101114,O10435,P1020,3,90.33
OI101115,O10436,P1023,3,670.55
OI101116,O10436,P1006,3,860.64
OI101117,O10437,P1019,3,324.04
OI101118,O10437,P1022,3,327.59
OI101119,O10437,P1014,3,1063.11
OI101120,O10437,P1024,3,278.71
OI101121,O10438,P1001,2,34.89
OI101122,O10439,P1025,1,324.95
OI101123,O10439,P1010,3,127.14
OI101124,O10439,P1009,1,411.6
OI101125,O10440,P1012,2,877.03
OI101126,O10441,P1008,3,911.77
OI101127,O10441,P1026,3,381.04
OI101128,O10441,P1010,3,127.14
OI101129,O10441,P1022,1,327.59
OI101130,O10442,P1018,1,199.37
OI101131,O10442,P1001,3,34.89
OI101132,O10442,P1009,1,411.6
OI101133,O10443,P1025,3,324.95
OI101134,O10443,P1007,2,268.43
OI101135,O10444,P1024,3,278.71
OI101136,O10444,P1004,2,42.98
OI101137,O10445,P1005,1,-49.99
OI101138,O10445,P1019,2,324.04
OI101139,O10445,P1001,2,34.89
OI101140,O10446,P1030,2,1077.9
OI101141,O10446,P1020,1,90.33
OI101142,O10447,P1003,3,1071.15
OI101143,O10447,P1011,3,1017.76
OI101144,O10447,P1008,1,911.77
OI101145,O10448,P1018,3,199.37
OI101146,O10448,P1013,1,99.17
OI101147,O10448,P1012,1,877.03
OI101148,O10448,P1029,1,649.08
OI101149,O10449,P1025,3,324.95
OI101150,O10449,P1017,2,459.25
OI101151,O10450,P1029,3,649.08
OI101152,O10450,P1020,3,90.33
OI101153,O10451,P1013,2,99.17
OI101154,O10452,P1016,1,928.82
OI101155,O10452,P1010,3,127.14
OI101156,O10452,P1007,2,268.43
OI101157,O10452,P1017,1,459.25
OI101158,O10453,P1021,1,876.31
OI101159,O10454,P1027,1,1062.2
OI101160,O10454,P1007,3,268.43
OI101161,O10454,P1027,3,1062.2
OI101162,O10454,P1029,3,649.08
OI101163,O10455,P1001,2,34.89
OI101164,O10455,P1023,2,670.55
OI101165,O10456,P1026,2,381.04
OI101166,O10456,P1018,1,199.37
OI101167,O10457,P1021,2,876.31
OI101168,O10457,P1014,2,1063.11
OI101169,O10457,P1001,2,34.89
OI101170,O10457,P1022,1,327.59
OI101171,O10458,P1023,1,670.55
OI101172,O10459,P1020,1,90.33
OI101173,O10459,P1010,2,127.14
OI101174,O10459,P1013,2,99.17
OI101175,O10460,P1005,3,-49.99
OI101176,O10460,P1013,3,99.17
OI101177,O10461,P1001,3,34.89
OI101178,O10461,P1028,3,321.53
OI101179,O10461,P1005,1,-49.99
OI101180,O10462,P1018,3,199.37
OI101181,O10462,P1003,2,1071.15
OI101182,O10462,P1007,3,268.43
OI101183,O10462,P1024,3,278.71
OI101184,O10463,P1006,1,860.64
OI101185,O10463,P1008,3,911.77
OI101186,O10464,P1028,3,321.53
OI101187,O10465,P1022,1,327.59
OI101188,O10465,P1009,1,411.6
OI101189,O10465,P1007,3,268.43
OI101190,O10466,P1004,2,42.98
OI101191,O10466,P1020,1,90.33
OI101192,O10467,P1020,3,90.33
OI101193,O10467,P1010,3,127.14
OI101194,O10467,P1019,1,324.04
OI101195,O10468,P1011,1,1017.76
OI101196,O10469,P1005,3,-49.99
OI101197,O10469,P1024,2,278.71
OI101198,O10469,P1029,2,649.08
OI101199,O10470,P1018,1,199.37
OI101200,O10470,P1006,3,860.64
OI101201,O10470,P1020,1,90.33
OI101202,O10470,P1027,2,1062.2
OI101203,O10471,P1024,1,278.71
OI101204,O10472,P1025,3,324.95
OI101205,O10472,P1007,1,268.43
OI101206,O10472,P1018,2,199.37
OI101207,O10472,P1018,3,199.37
OI101208,O10473,P1008,3,911.77
OI101209,O10473,P1024,2,278.71
OI101210,O10473,P1005,2,-49.99
OI101211,O10473,P1017,3,459.25
OI101212,O10474,P1022,1,327.59
OI101213,O10475,P1006,1,860.64
OI101214,O10475,P1019,3,324.04
OI101215,O10475,P1022,1,327.59
OI101216,O10475,P1024,3,278.71
OI101217,O10476,P1008,1,911.77
OI101218,O10476,P1009,2,411.6
OI101219,O10476,P1008,1,911.77
OI101220,O10476,P1022,1,327.59
OI101221,O10477,P1002,3,171.75
OI101222,O10478,P1027,3,1062.2
OI101223,O10478,P1009,3,411.6
OI101224,O10478,P1018,3,199.37
OI101225,O10479,P1017,2,459.25
OI101226,O10480,P1027,2,1062.2
OI101227,O10480,P1016,2,928.82
OI101228,O10480,P1029,3,649.08
OI101229,O10481,P1008,1,911.77
OI101230,O10481,P1017,3,459.25
OI101231,O10482,P1012,3,877.03
OI101232,O10482,P1023,1,670.55
OI101233,O10483,P1016,3,928.82
OI101234,O10484,P1021,2,876.31
OI101235,O10484,P1001,1,34.89
OI101236,O10485,P1005,3,-49.99
OI101237,O10485,P1017,1,459.25
OI101238,O10486,P1017,2,459.25
OI101239,O10486,P1020,3,90.33
OI101240,O10487,P1015,3,846.96
OI101241,O10487,P1016,2,928.82
OI101242,O10488,P1026,3,381.04
OI101243,O10488,P1027,1,1062.2
OI101244,O10489,P1008,2,911.77
OI101245,O10490,P1017,3,459.25
OI101246,O10490,P1022,2,327.59
OI101247,O10491,P1029,3,649.08
OI101248,O10491,P1020,1,90.33
OI101249,O10491,P1029,3,649.08
OI101250,O10491,P1017,1,459.25
OI101251,O10492,P1029,3,649.08
OI101252,O10493,P1023,3,670.55
OI101253,O10494,P1019,3,324.04
OI101254,O10494,P1030,3,1077.9
OI101255,O10494,P1019,1,324.04
OI101256,O10495,P1030,1,1077.9
OI101257,O10495,P1010,3,127.14
OI101258,O10496,P1019,3,324.04
OI101259,O10497,P1023,2,670.55
OI101260,O10497,P1014,2,1063.11
OI101261,O10498,P1009,3,411.6
OI101262,O10498,P1014,3,1063.11
OI101263,O10498,P1012,3,877.03
OI101264,O10499,P1018,3,199.37
OI101265,O10499,P1016,1,928.82
OI101266,O10499,P1012,3,877.03
OI101267,O10499,P1018,2,199.37
OI101268,O10500,P1024,1,278.71
OI101269,O10500,P1028,3,321.53
OI101270,O10500,P1004,3,42.98
OI101271,O10500,P1008,2,911.77
OI101272,O10501,P1026,2,381.04
OI101273,O10501,P1026,3,381.04
OI101274,O10501,P1020,3,90.33
OI101275,O10501,P1022,3,327.59
OI101276,O10502,P1026,1,381.04
OI101277,O10503,P1009,1,411.6
OI101278,O10504,P1030,2,1077.9
OI101279,O10504,P1020,3,90.33
OI101280,O10504,P1017,2,459.25
OI101281,O10504,P1023,3,670.55
OI101282,O10505,P1015,1,846.96
OI101283,O10505,P1007,3,268.43
OI101284,O10505,P1030,3,1077.9
OI101285,O10505,P1010,1,127.14
OI101286,O10506,P1020,1,90.33
OI101287,O10506,P1022,1,327.59
OI101288,O10507,P1009,2,411.6
OI101289,O10508,P1017,1,459.25
OI101290,O10508,P1024,3,278.71
OI101291,O10509,P1012,2,877.03
OI101292,O10509,P1008,3,911.77
OI101293,O10509,P1007,2,268.43
OI101294,O10510,P1014,3,1063.11
OI101295,O10510,P1004,3,42.98
OI101296,O10511,P1026,3,381.04
OI101297,O10512,P1013,3,99.17
OI101298,O10512,P1016,1,928.82
OI101299,O10512,P1025,2,324.95
OI101300,O10512,P1025,2,324.95
OI101301,O10513,P1009,1,411.6
OI101302,O10514,P1026,2,381.04
OI101303,O10514,P1014,2,1063.11
OI101304,O10515,P1003,2,1071.15
OI101305,O10515,P1022,3,327.59
OI101306,O10515,P1027,2,1062.2
OI101307,O10516,P1012,1,877.03
OI101308,O10516,P1029,3,649.08
OI101309,O10516,P1009,1,411.6
OI101310,O10517,P1028,2,321.53
OI101311,O10517,P1007,1,268.43
OI101312,O10518,P1004,1,42.98
OI101313,O10519,P1028,2,321.53
OI101314,O10520,P1016,1,928.82
OI101315,O10520,P1025,3,324.95
OI101316,O10520,P1009,2,411.6
OI101317,O10521,P1017,2,459.25
OI101318,O10522,P1013,3,99.17
OI101319,O10522,P1025,1,324.95
OI101320,O10522,P1015,1,846.96
OI101321,O10523,P1013,3,99.17
OI101322,O10523,P1004,2,42.98
OI101323,O10524,P1008,2,911.77
OI101324,O10524,P1016,3,928.82
OI101325,O10524,P1011,2,1017.76
OI101326,O10525,P1023,2,670.55
OI101327,O10525,P1012,2,877.03
OI101328,O10525,P1009,2,411.6
OI101329,O10525,P1006,3,860.64
OI101330,O10526,P1026,1,381.04
OI101331,O10526,P1018,2,199.37
OI101332,O10526,P1028,2,321.53
OI101333,O10527,P1006,2,860.64
OI101334,O10528,P1026,2,381.04
OI101335,O10528,P1010,2,127.14
OI101336,O10528,P1018,3,199.37
OI101337,O10529,P1002,1,171.75
OI101338,O10529,P1027,2,1062.2
OI101339,O10530,P1009,2,411.6
OI101340,O10530,P1012,3,877.03
OI101341,O10530,P1018,2,199.37
OI101342,O10531,P1028,3,321.53
OI101343,O10531,P1020,1,90.33
OI101344,O10531,P1019,3,324.04
OI101345,O10532,P1022,3,327.59
OI101346,O10532,P1016,3,928.82
OI101347,O10532,P1015,1,846.96
OI101348,O10533,P1028,1,321.53
OI101349,O10533,P1021,2,876.31
OI101350,O10534,P1003,1,1071.15
OI101351,O10535,P1023,2,670.55
OI101352,O10535,P1020,3,90.33
OI101353,O10535,P1013,2,99.17
OI101354,O10536,P1014,1,1063.11
OI101355,O10536,P1006,1,860.64
OI101356,O10536,P1005,3,-49.99
OI101357,O10536,P1008,3,911.77
OI101358,O10537,P1013,1,99.17
OI101359,O10537,P1004,1,42.98
OI101360,O10538,P1017,1,459.25
OI101361,O10538,P1004,2,42.98
OI101362,O10538,P1020,1,90.33
OI101363,O10538,P1003,3,1071.15
OI101364,O10539,P1015,3,846.96
OI101365,O10539,P1005,1,-49.99
OI101366,O10539,P1017,1,459.25
OI101367,O10540,P1015,3,846.96
OI101368,O10540,P1030,2,1077.9
OI101369,O10540,P1018,2,199.37
OI101370,O10540,P1005,3,-49.99
OI101371,O10541,P1017,3,459.25
OI101372,O10541,P1021,3,876.31
OI101373,O10541,P1010,2,127.14
OI101374,O10541,P1016,3,928.82
OI101375,O10542,P1014,2,1063.11
OI101376,O10542,P1005,2,-49.99
OI101377,O10542,P1001,1,34.89
OI101378,O10543,P1023,2,670.55
OI101379,O10544,P1020,1,90.33
OI101380,O10544,P1026,1,381.04
OI101381,O10544,P1018,2,199.37
OI101382,O10545,P1008,1,911.77
OI101383,O10545,P1023,3,670.55
OI101384,O10545,P1021,2,876.31
OI101385,O10545,P1027,2,1062.2
OI101386,O10546,P1017,3,459.25
OI101387,O10546,P1026,3,381.04
OI101388,O10547,P1007,1,268.43
OI101389,O10547,P1006,1,860.64
OI101390,O10547,P1010,1,127.14
OI101391,O10547,P1021,2,876.31
OI101392,O10548,P1001,1,34.89
OI101393,O10548,P1002,3,171.75
OI101394,O10548,P1001,1,34.89
OI101395,O10549,P1024,1,278.71
OI101396,O10549,P1008,1,911.77
OI101397,O10549,P1005,1,-49.99
OI101398,O10549,P1016,1,928.82
OI101399,O10550,P1015,3,846.96
OI101400,O10550,P1026,1,381.04
OI101401,O10550,P1011,1,1017.76
OI101402,O10551,P1018,2,199.37
OI101403,O10552,P1004,3,42.98
OI101404,O10553,P1007,2,268.43
OI101405,O10554,P1022,2,327.59
OI101406,O10554,P1030,2,1077.9
OI101407,O10554,P1006,3,860.64
OI101408,O10554,P1024,1,278.71
OI101409,O10555,P1007,2,268.43
OI101410,O10555,P1029,1,649.08
OI101411,O10555,P1028,3,321.53
OI101412,O10556,P1011,1,1017.76
OI101413,O10556,P1006,2,860.64
OI101414,O10556,P1019,1,324.04
OI101415,O10556,P1013,1,99.17
OI101416,O10557,P1023,3,670.55
OI101417,O10557,P1005,2,-49.99
OI101418,O10557,P1025,1,324.95
OI101419,O10557,P1008,1,911.77
OI101420,O10558,P1002,2,171.75
OI101421,O10559,P1016,1,928.82
OI101422,O10559,P1011,3,1017.76
OI101423,O10560,P1012,3,877.03
OI101424,O10560,P1005,2,-49.99
OI101425,O10560,P1029,1,649.08
OI101426,O10560,P1016,3,928.82
OI101427,O10561,P1007,3,268.43
OI101428,O10561,P1006,3,860.64
OI101429,O10561,P1012,2,877.03
OI101430,O10561,P1024,2,278.71
OI101431,O10562,P1017,1,459.25
OI101432,O10563,P1015,1,846.96
OI101433,O10563,P1025,3,324.95
OI101434,O10563,P1017,2,459.25
OI101435,O10564,P1011,3,1017.76
OI101436,O10564,P1003,3,1071.15
OI101437,O10565,P1025,3,324.95
OI101438,O10565,P1005,3,-49.99
OI101439,O10565,P1010,2,127.14
OI101440,O10565,P1014,3,1063.11
OI101441,O10566,P1002,1,171.75
OI101442,O10567,P1007,1,268.43
OI101443,O10567,P1002,3,171.75
OI101444,O10567,P1021,2,876.31
OI101445,O10567,P1022,2,327.59
OI101446,O10568,P1001,1,34.89
OI101447,O10569,P1012,3,877.03
OI101448,O10570,P1017,1,459.25
OI101449,O10570,P1024,1,278.71
OI101450,O10570,P1027,2,1062.2
OI101451,O10571,P1024,1,278.71
OI101452,O10572,P1019,3,324.04
OI101453,O10572,P1006,3,860.64
OI101454,O10573,P1022,2,327.59
OI101455,O10573,P1023,3,670.55
OI101456,O10573,P1014,1,1063.11
OI101457,O10574,P1017,2,459.25
OI101458,O10574,P1022,1,327.59
OI101459,O10574,P1018,3,199.37
OI101460,O10574,P1015,2,846.96
OI101461,O10575,P1025,3,324.95
OI101462,O10575,P1014,3,1063.11
OI101463,O10575,P1011,3,1017.76
OI101464,O10575,P1008,3,911.77
OI101465,O10576,P1012,2,877.03
OI101466,O10576,P1015,2,846.96
OI101467,O10576,P1001,3,34.89
OI101468,O10577,P1029,2,649.08
OI101469,O10577,P1001,2,34.89
OI101470,O10578,P1030,3,1077.9
OI101471,O10578,P1017,3,459.25
OI101472,O10578,P1019,3,324.04
OI101473,O10579,P1005,1,-49.99
OI101474,O10579,P1009,2,411.6
OI101475,O10579,P1029,3,649.08
OI101476,O10580,P1019,2,324.04
OI101477,O10581,P1026,2,381.04
OI101478,O10581,P1006,2,860.64
OI101479,O10581,P1027,3,1062.2
OI101480,O10582,P1003,1,1071.15
OI101481,O10582,P1030,2,1077.9
OI101482,O10582,P1012,2,877.03
OI101483,O10582,P1014,1,1063.11
OI101484,O10583,P1002,2,171.75
OI101485,O10583,P1017,1,459.25
OI101486,O10583,P1011,3,1017.76
OI101487,O10583,P1019,1,324.04
OI101488,O10584,P1022,3,327.59
OI101489,O10585,P1008,2,911.77
OI101490,O10586,P1011,1,1017.76
OI101491,O10586,P1016,3,928.82
OI101492,O10587,P1013,3,99.17
OI101493,O10588,P1018,1,199.37
OI101494,O10588,P1016,2,928.82
OI101495,O10588,P1021,3,876.31
OI101496,O10588,P1007,3,268.43
OI101497,O10589,P1011,3,1017.76
OI101498,O10589,P1030,3,1077.9
OI101499,O10589,P1003,1,1071.15
OI101500,O10589,P1022,2,327.59
OI101501,O10590,P1012,3,877.03
OI101502,O10590,P1021,1,876.31
OI101503,O10590,P1025,2,324.95
OI101504,O10591,P1015,1,846.96
OI101505,O10591,P1030,1,1077.9
OI101506,O10592,P1004,3,42.98
OI101507,O10593,P1011,3,1017.76
OI101508,O10594,P1011,1,1017.76
OI101509,O10595,P1018,2,199.37
OI101510,O10595,P1020,3,90.33
OI101511,O10595,P1005,3,-49.99
OI101512,O10596,P1009,1,411.6
OI101513,O10597,P1002,2,171.75
OI101514,O10597,P1021,1,876.31
OI101515,O10597,P1003,2,1071.15
OI101516,O10598,P1010,3,127.14
OI101517,O10599,P1029,2,649.08
OI101518,O10600,P1007,3,268.43
OI101519,O10600,P1015,3,846.96
